Event_ID,Source_Seat,Target_Seat,Path_Type,Distance,Flow_Capacity,Current_Flow,Congestion_Level
201,C09,C03,Ramp,9.0,247,151,0.61
201,C02,C42,Stairs,6.4,142,97,0.68
201,C18,C10,Corridor,26.8,174,120,0.69
201,C29,C18,Ramp,26.9,293,126,0.43
201,C05,C02,Ramp,18.2,233,217,0.93
201,C08,C10,Corridor,26.4,267,200,0.75
201,C19,C25,Stairs,19.8,130,126,0.97
201,C16,C45,Ramp,24.2,282,235,0.83
201,C32,C04,Ramp,14.6,132,54,0.41
201,C27,C09,Ramp,19.4,122,91,0.75
201,C05,C01,Corridor,25.1,248,124,0.5
201,C43,C40,Ramp,28.3,187,54,0.29
201,C31,C10,Stairs,8.1,253,74,0.29
201,C37,C33,Stairs,17.4,187,141,0.75
201,C12,C43,Ramp,29.9,298,281,0.94
201,C50,C26,Corridor,25.8,287,182,0.63
201,C04,C37,Corridor,27.7,154,70,0.45
201,C47,C28,Stairs,7.7,277,65,0.23
201,C27,C18,Ramp,28.3,204,199,0.98
201,C40,C09,Corridor,23.8,291,65,0.22
201,C31,C20,Stairs,27.8,238,227,0.95
201,C02,C31,Corridor,9.1,157,51,0.32
201,C36,C41,Ramp,29.7,252,135,0.54
201,C46,C08,Stairs,5.6,278,215,0.77
201,C50,C35,Corridor,12.3,268,77,0.29
201,C42,C36,Corridor,17.1,227,218,0.96
201,C04,C17,Corridor,20.5,183,110,0.6
201,C39,C27,Stairs,10.7,189,131,0.69
201,C28,C31,Ramp,6.8,221,141,0.64
201,C04,C28,Ramp,14.1,116,51,0.44
201,C23,C43,Ramp,13.1,125,63,0.5
201,C25,C33,Corridor,20.2,226,91,0.4
201,C15,C28,Stairs,29.8,123,63,0.51
201,C33,C48,Corridor,18.2,153,102,0.67
201,C44,C20,Ramp,21.9,157,111,0.71
201,C26,C44,Corridor,26.4,298,81,0.27
201,C50,C01,Ramp,18.2,113,52,0.46
201,C23,C41,Corridor,7.9,298,92,0.31
201,C06,C50,Stairs,10.8,184,165,0.9
201,C01,C39,Ramp,27.3,217,130,0.6
201,C11,C29,Stairs,5.9,270,248,0.92
201,C18,C17,Corridor,23.5,147,85,0.58
201,C45,C17,Corridor,13.6,234,101,0.43
201,C15,C18,Corridor,8.8,143,102,0.71
201,C45,C06,Ramp,27.8,206,53,0.26
201,C21,C19,Stairs,10.8,277,251,0.91
201,C18,C06,Stairs,10.6,189,168,0.89
201,C49,C28,Stairs,17.7,214,50,0.23
201,C45,C38,Corridor,14.7,257,211,0.82
201,C41,C33,Corridor,20.1,268,132,0.49
201,C47,C29,Corridor,16.7,164,129,0.79
201,C22,C50,Corridor,9.7,206,52,0.25
201,C09,C44,Stairs,6.8,243,188,0.77
201,C49,C16,Corridor,12.2,115,100,0.87
201,C16,C23,Stairs,13.3,149,139,0.93
201,C41,C36,Stairs,17.8,300,277,0.92
201,C29,C33,Corridor,13.0,133,93,0.7
201,C08,C28,Ramp,5.3,281,184,0.65
201,C24,C12,Stairs,16.6,275,136,0.49
201,C10,C24,Stairs,22.1,125,88,0.7
201,C25,C49,Ramp,8.9,291,115,0.4
201,C44,C30,Stairs,26.2,292,99,0.34
201,C45,C25,Stairs,5.6,234,110,0.47
201,C25,C19,Ramp,29.4,258,196,0.76
201,C35,C13,Corridor,12.5,261,228,0.87
201,C50,C05,Stairs,13.9,167,59,0.35
201,C11,C33,Stairs,8.5,202,112,0.55
201,C20,C34,Ramp,5.4,178,136,0.76
201,C42,C11,Ramp,17.0,205,67,0.33
201,C34,C02,Ramp,14.8,165,78,0.47
201,C13,C16,Stairs,16.8,290,121,0.42
201,C21,C29,Stairs,26.1,221,129,0.58
201,C43,C46,Corridor,18.1,288,242,0.84
201,C29,C09,Stairs,5.4,246,244,0.99
201,C23,C30,Stairs,19.1,251,213,0.85
201,C02,C01,Ramp,27.8,263,66,0.25
201,C33,C36,Corridor,12.1,223,185,0.83
201,C39,C43,Corridor,14.1,231,190,0.82
201,C27,C10,Ramp,7.4,142,125,0.88
201,C38,C11,Stairs,21.5,218,78,0.36
201,C06,C40,Stairs,22.2,169,61,0.36
201,C28,C23,Stairs,26.8,156,135,0.87
201,C04,C33,Corridor,19.9,205,198,0.97
201,C48,C32,Stairs,6.6,124,86,0.69
201,C06,C10,Ramp,15.4,205,116,0.57
201,C14,C06,Stairs,20.0,194,194,1.0
201,C38,C10,Corridor,15.2,296,270,0.91
201,C01,C13,Corridor,9.9,177,156,0.88
201,C21,C47,Stairs,9.9,123,93,0.76
201,C16,C30,Ramp,5.9,187,95,0.51
201,C01,C47,Ramp,8.6,246,108,0.44
201,C14,C45,Ramp,14.3,208,159,0.76
201,C28,C23,Stairs,26.1,223,119,0.53
201,C23,C05,Stairs,9.0,119,65,0.55
201,C12,C33,Corridor,16.0,216,84,0.39
201,C29,C31,Ramp,17.6,238,107,0.45
201,C30,C15,Stairs,6.8,185,146,0.79
201,C27,C44,Ramp,14.5,195,165,0.85
201,C49,C38,Ramp,28.1,109,65,0.6
201,C37,C43,Stairs,21.1,254,79,0.31
201,C16,C12,Stairs,24.1,139,63,0.45
201,C25,C24,Ramp,21.2,130,59,0.45
201,C48,C41,Corridor,26.4,112,80,0.71
201,C03,C06,Corridor,8.5,237,96,0.41
201,C37,C28,Ramp,25.3,196,98,0.5
201,C42,C31,Ramp,19.5,129,87,0.67
201,C02,C42,Ramp,13.3,293,108,0.37
201,C13,C16,Stairs,17.7,257,137,0.53
201,C05,C16,Corridor,7.7,172,143,0.83
201,C05,C22,Ramp,22.4,282,98,0.35
201,C03,C49,Ramp,8.8,152,103,0.68
201,C46,C28,Ramp,16.2,238,158,0.66
201,C15,C06,Ramp,6.2,104,70,0.67
201,C04,C01,Corridor,29.0,125,93,0.74
201,C15,C13,Stairs,25.7,120,62,0.52
201,C44,C35,Ramp,6.3,248,115,0.46
201,C44,C28,Stairs,5.8,175,84,0.48
201,C31,C37,Stairs,5.2,109,65,0.6
202,C25,C47,Ramp,12.8,120,119,0.99
202,C15,C03,Ramp,18.3,234,166,0.71
202,C15,C16,Stairs,11.0,254,223,0.88
202,C06,C13,Corridor,6.9,226,223,0.99
202,C30,C06,Corridor,24.1,257,184,0.72
202,C10,C24,Ramp,26.9,294,134,0.46
202,C06,C10,Corridor,19.9,141,52,0.37
202,C05,C16,Ramp,23.5,240,156,0.65
202,C25,C14,Ramp,8.6,251,234,0.93
202,C21,C36,Ramp,20.5,233,205,0.88
202,C40,C11,Ramp,8.5,206,145,0.7
202,C40,C26,Corridor,25.8,131,103,0.79
202,C27,C35,Corridor,23.1,153,139,0.91
202,C08,C06,Stairs,24.0,214,118,0.55
202,C27,C48,Stairs,6.0,268,139,0.52
202,C28,C04,Corridor,15.6,280,186,0.66
202,C22,C01,Ramp,25.6,290,262,0.9
202,C34,C21,Stairs,14.2,149,78,0.52
202,C32,C15,Stairs,23.7,260,72,0.28
202,C27,C41,Ramp,29.7,240,166,0.69
202,C19,C31,Ramp,13.0,246,160,0.65
202,C41,C45,Corridor,25.6,228,68,0.3
202,C44,C18,Corridor,8.7,180,59,0.33
202,C28,C41,Corridor,26.6,252,243,0.96
202,C12,C43,Ramp,11.3,300,121,0.4
202,C08,C21,Stairs,11.4,129,127,0.98
202,C02,C43,Ramp,15.9,257,150,0.58
202,C10,C41,Ramp,16.2,196,139,0.71
202,C03,C17,Stairs,25.6,126,123,0.98
202,C14,C10,Corridor,8.9,245,111,0.45
202,C18,C26,Stairs,23.7,118,105,0.89
202,C48,C33,Stairs,9.9,171,138,0.81
202,C19,C13,Corridor,15.6,118,56,0.47
202,C44,C11,Stairs,23.4,218,136,0.62
202,C22,C38,Stairs,26.5,226,50,0.22
202,C01,C10,Ramp,21.5,152,76,0.5
202,C36,C42,Stairs,7.9,258,56,0.22
202,C26,C21,Ramp,18.1,221,68,0.31
202,C18,C32,Ramp,8.3,287,74,0.26
202,C05,C19,Stairs,10.9,142,77,0.54
202,C40,C49,Corridor,12.7,153,90,0.59
202,C16,C09,Ramp,14.8,276,112,0.41
202,C09,C03,Corridor,18.8,168,69,0.41
202,C01,C30,Ramp,20.4,217,136,0.63
202,C07,C13,Stairs,27.6,300,251,0.84
202,C27,C14,Corridor,25.9,208,179,0.86
202,C13,C35,Stairs,9.3,102,94,0.92
202,C01,C06,Ramp,13.5,125,69,0.55
202,C05,C19,Corridor,12.8,162,142,0.88
202,C50,C27,Ramp,15.7,210,208,0.99
202,C24,C02,Ramp,20.5,116,64,0.55
202,C43,C25,Corridor,21.6,112,78,0.7
202,C12,C47,Corridor,16.3,157,123,0.78
202,C37,C02,Stairs,6.7,159,82,0.52
202,C47,C05,Corridor,16.4,123,121,0.98
202,C47,C14,Corridor,11.4,238,98,0.41
202,C35,C45,Stairs,13.0,134,76,0.57
202,C48,C23,Stairs,12.4,109,52,0.48
202,C10,C39,Corridor,14.7,229,64,0.28
202,C41,C13,Corridor,29.3,181,146,0.81
202,C10,C29,Stairs,23.3,287,85,0.3
202,C34,C36,Ramp,17.3,195,176,0.9
202,C03,C23,Ramp,25.4,272,213,0.78
202,C46,C13,Stairs,22.1,282,258,0.91
202,C24,C41,Corridor,28.0,201,115,0.57
202,C43,C45,Corridor,9.1,277,177,0.64
202,C39,C31,Corridor,28.6,227,74,0.33
202,C50,C41,Stairs,13.3,220,122,0.55
202,C28,C43,Stairs,14.3,218,111,0.51
202,C46,C23,Corridor,15.7,198,194,0.98
202,C17,C14,Corridor,8.6,129,100,0.78
202,C16,C48,Corridor,19.5,122,52,0.43
202,C34,C41,Corridor,9.0,212,196,0.92
202,C42,C21,Stairs,16.3,182,179,0.98
202,C45,C12,Corridor,23.1,193,184,0.95
202,C03,C38,Ramp,24.7,143,133,0.93
202,C50,C20,Stairs,23.1,103,63,0.61
202,C38,C10,Stairs,27.5,247,204,0.83
202,C47,C42,Stairs,26.4,201,194,0.97
202,C45,C25,Stairs,26.4,278,259,0.93
202,C35,C03,Ramp,12.8,211,210,1.0
202,C38,C30,Corridor,11.8,202,196,0.97
202,C41,C22,Stairs,22.6,126,120,0.95
202,C01,C27,Ramp,6.7,161,125,0.78
202,C48,C32,Stairs,9.4,111,106,0.95
202,C10,C14,Stairs,23.5,298,135,0.45
202,C08,C45,Ramp,12.8,182,67,0.37
202,C45,C42,Stairs,11.7,256,170,0.66
202,C35,C45,Stairs,21.9,131,87,0.66
202,C34,C23,Corridor,17.6,288,245,0.85
202,C12,C46,Ramp,20.9,252,78,0.31
202,C21,C11,Corridor,23.2,188,132,0.7
202,C31,C05,Ramp,29.7,281,119,0.42
202,C44,C20,Ramp,15.3,168,92,0.55
202,C08,C29,Stairs,11.9,158,126,0.8
202,C44,C05,Stairs,6.5,138,90,0.65
202,C37,C39,Ramp,11.4,257,240,0.93
202,C44,C32,Ramp,9.2,266,222,0.83
202,C49,C29,Corridor,11.8,137,121,0.88
202,C08,C33,Corridor,19.3,208,177,0.85
202,C33,C14,Stairs,28.9,146,114,0.78
202,C47,C50,Ramp,16.2,200,90,0.45
202,C37,C46,Corridor,21.2,150,66,0.44
202,C28,C40,Corridor,28.2,182,160,0.88
202,C47,C16,Stairs,28.9,182,73,0.4
202,C23,C26,Stairs,20.8,249,145,0.58
202,C43,C12,Ramp,18.1,271,214,0.79
202,C21,C42,Corridor,22.0,288,158,0.55
202,C42,C33,Ramp,23.4,273,202,0.74
202,C34,C33,Corridor,6.9,296,153,0.52
202,C07,C05,Stairs,21.3,233,199,0.85
202,C26,C27,Stairs,24.5,255,112,0.44
202,C41,C24,Stairs,16.8,262,55,0.21
202,C40,C41,Corridor,24.6,179,117,0.65
202,C28,C33,Ramp,20.8,297,225,0.76
202,C41,C05,Ramp,8.6,128,60,0.47
202,C36,C03,Ramp,28.8,172,114,0.66
202,C36,C09,Stairs,7.5,189,98,0.52
203,C36,C45,Ramp,23.2,291,252,0.87
203,C29,C25,Stairs,16.2,199,196,0.98
203,C28,C36,Corridor,8.6,123,73,0.59
203,C38,C34,Stairs,10.0,198,158,0.8
203,C45,C31,Corridor,6.5,162,158,0.98
203,C21,C15,Stairs,14.2,230,145,0.63
203,C22,C26,Ramp,9.9,169,96,0.57
203,C40,C06,Stairs,7.9,119,61,0.51
203,C40,C15,Ramp,25.7,162,146,0.9
203,C25,C03,Corridor,24.9,193,172,0.89
203,C02,C32,Ramp,24.9,109,62,0.57
203,C32,C19,Stairs,24.2,194,168,0.87
203,C44,C07,Corridor,13.8,210,178,0.85
203,C08,C13,Ramp,15.0,278,255,0.92
203,C10,C45,Ramp,9.8,270,175,0.65
203,C47,C48,Stairs,17.4,210,85,0.4
203,C03,C07,Corridor,15.4,236,55,0.23
203,C10,C34,Ramp,29.3,107,70,0.65
203,C10,C48,Stairs,29.1,137,115,0.84
203,C26,C05,Corridor,17.1,153,115,0.75
203,C29,C09,Stairs,24.0,238,123,0.52
203,C44,C06,Corridor,8.4,154,74,0.48
203,C25,C48,Ramp,25.8,146,133,0.91
203,C33,C21,Corridor,15.0,195,138,0.71
203,C09,C05,Corridor,23.0,160,125,0.78
203,C43,C44,Corridor,15.7,152,118,0.78
203,C13,C48,Stairs,7.1,124,112,0.9
203,C26,C11,Stairs,28.6,103,61,0.59
203,C19,C18,Corridor,29.2,278,94,0.34
203,C16,C19,Ramp,5.2,112,50,0.45
203,C03,C26,Ramp,5.5,166,105,0.63
203,C04,C30,Ramp,21.4,134,98,0.73
203,C28,C25,Corridor,12.3,219,85,0.39
203,C07,C36,Corridor,7.4,270,255,0.94
203,C25,C40,Corridor,12.3,158,80,0.51
203,C50,C36,Corridor,8.2,182,152,0.84
203,C42,C18,Ramp,29.2,263,239,0.91
203,C03,C37,Corridor,8.0,237,219,0.92
203,C26,C34,Stairs,26.6,299,217,0.73
203,C42,C37,Ramp,11.8,294,205,0.7
203,C15,C43,Ramp,24.7,207,144,0.7
203,C32,C34,Stairs,28.3,223,165,0.74
203,C06,C43,Stairs,15.9,113,65,0.58
203,C33,C46,Ramp,5.6,271,129,0.48
203,C40,C19,Stairs,15.0,272,264,0.97
203,C35,C18,Corridor,16.4,297,52,0.18
203,C43,C20,Corridor,17.5,270,70,0.26
203,C12,C40,Ramp,29.3,195,85,0.44
203,C46,C18,Stairs,24.0,144,89,0.62
203,C20,C03,Corridor,28.5,102,61,0.6
203,C20,C07,Stairs,8.2,285,281,0.99
203,C43,C48,Ramp,18.6,297,230,0.77
203,C15,C10,Stairs,10.2,149,113,0.76
203,C46,C42,Stairs,11.8,120,105,0.88
203,C18,C43,Ramp,19.1,176,133,0.76
203,C42,C01,Ramp,15.7,232,71,0.31
203,C10,C07,Ramp,6.6,264,66,0.25
203,C14,C30,Corridor,13.6,122,106,0.87
203,C32,C40,Stairs,5.8,122,99,0.81
203,C12,C20,Ramp,9.0,180,172,0.96
203,C12,C05,Corridor,13.2,198,189,0.95
203,C21,C08,Ramp,21.8,259,73,0.28
203,C01,C43,Corridor,24.5,137,82,0.6
203,C44,C47,Corridor,27.9,286,74,0.26
203,C35,C44,Ramp,21.8,219,141,0.64
203,C45,C20,Corridor,24.1,214,131,0.61
203,C05,C17,Corridor,7.3,291,158,0.54
203,C17,C04,Stairs,13.0,177,126,0.71
203,C42,C10,Stairs,27.3,127,56,0.44
203,C29,C11,Corridor,22.2,215,186,0.87
203,C22,C40,Ramp,23.4,208,71,0.34
203,C47,C27,Corridor,17.4,162,160,0.99
203,C46,C26,Corridor,9.2,172,73,0.42
203,C46,C39,Corridor,7.3,103,79,0.77
203,C17,C09,Corridor,28.2,235,87,0.37
203,C02,C24,Stairs,27.2,134,97,0.72
203,C33,C37,Stairs,14.6,216,90,0.42
203,C12,C29,Stairs,19.7,215,169,0.79
203,C50,C20,Stairs,12.2,293,248,0.85
203,C16,C47,Stairs,11.6,236,65,0.28
203,C30,C02,Corridor,9.9,258,156,0.6
203,C35,C34,Ramp,14.2,161,148,0.92
203,C22,C08,Ramp,18.9,154,119,0.77
203,C02,C01,Stairs,17.5,132,84,0.64
203,C38,C39,Stairs,22.2,296,98,0.33
203,C32,C20,Ramp,25.9,296,157,0.53
203,C50,C49,Corridor,26.2,275,124,0.45
203,C04,C16,Ramp,26.7,265,89,0.34
203,C23,C26,Ramp,22.9,150,78,0.52
203,C32,C33,Stairs,23.9,247,116,0.47
203,C32,C31,Stairs,10.6,287,143,0.5
203,C36,C39,Stairs,15.7,172,75,0.44
203,C01,C36,Stairs,21.5,162,121,0.75
203,C43,C20,Corridor,21.1,104,80,0.77
203,C21,C05,Corridor,12.0,292,120,0.41
203,C37,C48,Stairs,27.7,167,53,0.32
203,C31,C50,Ramp,25.3,124,74,0.6
203,C03,C08,Stairs,7.7,190,127,0.67
203,C32,C19,Corridor,28.1,120,83,0.69
203,C46,C23,Stairs,22.1,129,103,0.8
203,C26,C10,Ramp,5.4,257,255,0.99
203,C15,C26,Ramp,16.0,229,205,0.9
203,C02,C33,Corridor,26.1,291,198,0.68
203,C20,C18,Stairs,28.0,115,112,0.97
203,C37,C11,Corridor,8.5,257,83,0.32
203,C13,C22,Corridor,24.5,177,50,0.28
203,C46,C13,Corridor,21.8,292,144,0.49
203,C45,C39,Stairs,23.7,156,62,0.4
203,C23,C45,Ramp,9.3,284,150,0.53
203,C35,C42,Corridor,29.2,152,139,0.91
203,C02,C31,Stairs,15.3,175,157,0.9
203,C29,C42,Stairs,8.0,129,75,0.58
203,C09,C22,Corridor,21.2,261,113,0.43
203,C24,C12,Stairs,28.6,251,174,0.69
203,C21,C22,Corridor,5.5,294,102,0.35
203,C14,C04,Ramp,25.9,168,67,0.4
203,C39,C42,Ramp,9.5,295,294,1.0
203,C47,C23,Stairs,21.0,158,107,0.68
204,C24,C31,Corridor,7.3,252,109,0.43
204,C02,C22,Stairs,20.8,218,94,0.43
204,C03,C40,Stairs,23.4,291,263,0.9
204,C32,C43,Stairs,13.1,214,208,0.97
204,C45,C50,Ramp,15.7,211,110,0.52
204,C22,C09,Stairs,9.9,156,64,0.41
204,C33,C22,Stairs,8.8,298,83,0.28
204,C47,C45,Corridor,14.0,167,111,0.66
204,C06,C07,Corridor,27.4,160,107,0.67
204,C50,C29,Stairs,19.1,108,87,0.81
204,C04,C03,Stairs,9.1,202,94,0.47
204,C02,C46,Corridor,16.1,271,242,0.89
204,C20,C30,Corridor,24.7,109,109,1.0
204,C36,C24,Ramp,16.5,169,101,0.6
204,C18,C27,Ramp,26.6,161,107,0.66
204,C46,C14,Corridor,27.3,103,67,0.65
204,C50,C49,Ramp,22.0,253,52,0.21
204,C01,C34,Ramp,29.0,167,136,0.81
204,C11,C40,Stairs,23.1,292,251,0.86
204,C30,C42,Ramp,27.3,199,166,0.83
204,C39,C08,Ramp,23.6,167,119,0.71
204,C05,C12,Ramp,18.4,168,123,0.73
204,C16,C50,Ramp,25.1,222,180,0.81
204,C41,C01,Corridor,8.4,156,141,0.9
204,C12,C49,Ramp,21.4,206,170,0.83
204,C24,C44,Stairs,21.3,251,142,0.57
204,C42,C45,Stairs,22.1,159,80,0.5
204,C14,C35,Stairs,19.1,222,176,0.79
204,C22,C06,Stairs,9.4,211,140,0.66
204,C07,C25,Ramp,7.8,247,109,0.44
204,C50,C46,Corridor,24.0,133,113,0.85
204,C06,C46,Stairs,12.9,262,257,0.98
204,C30,C20,Ramp,29.0,181,57,0.31
204,C29,C01,Stairs,26.3,122,117,0.96
204,C05,C46,Corridor,26.3,145,62,0.43
204,C09,C36,Ramp,19.2,140,50,0.36
204,C32,C28,Corridor,19.4,297,156,0.53
204,C12,C13,Stairs,18.0,179,82,0.46
204,C13,C46,Corridor,14.5,109,52,0.48
204,C48,C42,Corridor,18.1,107,72,0.67
204,C33,C50,Ramp,19.5,237,66,0.28
204,C47,C44,Corridor,18.5,281,68,0.24
204,C39,C33,Corridor,23.3,170,98,0.58
204,C26,C23,Corridor,10.6,158,118,0.75
204,C28,C39,Ramp,19.2,140,80,0.57
204,C15,C13,Stairs,16.3,105,51,0.49
204,C20,C06,Ramp,29.9,163,113,0.69
204,C37,C43,Stairs,13.7,220,192,0.87
204,C50,C12,Ramp,20.5,199,120,0.6
204,C40,C33,Stairs,10.8,130,97,0.75
204,C04,C44,Ramp,7.1,266,150,0.56
204,C34,C20,Corridor,7.7,294,117,0.4
204,C19,C08,Corridor,28.5,277,277,1.0
204,C10,C20,Ramp,13.0,253,110,0.43
204,C40,C30,Corridor,7.1,128,96,0.75
204,C34,C26,Corridor,28.7,243,184,0.76
204,C47,C13,Corridor,21.0,201,162,0.81
204,C09,C28,Stairs,27.6,262,260,0.99
204,C14,C44,Stairs,6.1,201,191,0.95
204,C03,C46,Corridor,14.3,281,159,0.57
204,C02,C20,Corridor,21.4,111,82,0.74
204,C21,C29,Corridor,15.6,205,79,0.39
204,C28,C08,Ramp,17.4,140,139,0.99
204,C13,C50,Stairs,25.5,132,51,0.39
204,C40,C27,Stairs,6.1,119,107,0.9
204,C18,C31,Stairs,27.5,195,173,0.89
204,C36,C44,Stairs,27.4,248,173,0.7
204,C10,C31,Ramp,13.5,295,188,0.64
204,C24,C08,Stairs,9.7,246,202,0.82
204,C32,C15,Stairs,16.4,294,55,0.19
204,C48,C25,Stairs,23.6,103,87,0.84
204,C09,C12,Stairs,7.4,216,196,0.91
204,C01,C38,Corridor,8.7,114,104,0.91
204,C47,C40,Ramp,28.9,273,109,0.4
204,C04,C38,Ramp,19.9,240,85,0.35
204,C26,C29,Ramp,19.9,214,163,0.76
204,C41,C28,Ramp,29.1,300,64,0.21
204,C20,C17,Corridor,24.4,283,65,0.23
204,C32,C03,Stairs,5.0,110,92,0.84
204,C09,C23,Corridor,20.7,192,109,0.57
204,C39,C28,Ramp,5.7,218,129,0.59
204,C08,C44,Stairs,6.1,155,109,0.7
204,C47,C18,Stairs,10.8,126,92,0.73
204,C27,C22,Corridor,8.8,183,135,0.74
204,C25,C02,Corridor,12.8,242,242,1.0
204,C19,C01,Corridor,22.4,224,155,0.69
204,C29,C08,Corridor,13.0,281,123,0.44
204,C18,C42,Ramp,23.2,290,257,0.89
204,C03,C08,Ramp,11.9,188,93,0.49
204,C12,C50,Stairs,5.8,161,160,0.99
204,C10,C38,Ramp,7.8,123,89,0.72
204,C22,C20,Ramp,20.2,270,110,0.41
204,C33,C48,Ramp,15.2,138,133,0.96
204,C41,C14,Ramp,22.3,164,89,0.54
204,C18,C23,Stairs,18.7,199,121,0.61
204,C07,C12,Corridor,22.7,108,84,0.78
204,C05,C08,Stairs,10.7,249,75,0.3
204,C38,C41,Ramp,11.5,220,58,0.26
204,C07,C36,Corridor,24.7,160,160,1.0
204,C32,C15,Ramp,8.5,248,137,0.55
204,C19,C26,Ramp,28.8,162,87,0.54
204,C42,C38,Corridor,28.9,100,60,0.6
204,C33,C36,Corridor,12.2,143,89,0.62
204,C03,C08,Ramp,19.2,291,200,0.69
204,C12,C07,Corridor,13.8,152,85,0.56
204,C24,C23,Ramp,12.4,234,143,0.61
204,C03,C08,Corridor,28.0,154,89,0.58
204,C43,C01,Stairs,16.5,242,112,0.46
204,C14,C27,Stairs,29.0,278,262,0.94
204,C01,C35,Stairs,23.7,178,156,0.88
204,C19,C50,Corridor,5.5,207,131,0.63
204,C17,C48,Ramp,29.1,198,170,0.86
204,C31,C26,Stairs,26.9,122,73,0.6
204,C40,C21,Corridor,21.2,245,156,0.64
204,C34,C45,Stairs,27.8,212,58,0.27
204,C39,C47,Stairs,22.1,230,149,0.65
204,C22,C41,Ramp,17.2,230,128,0.56
204,C16,C46,Corridor,25.5,110,71,0.65
204,C28,C44,Corridor,7.1,278,138,0.5
205,C36,C08,Stairs,17.2,246,106,0.43
205,C18,C24,Ramp,20.3,181,174,0.96
205,C15,C33,Ramp,25.2,299,199,0.67
205,C07,C29,Corridor,12.9,147,74,0.5
205,C10,C06,Corridor,11.4,139,108,0.78
205,C32,C04,Ramp,11.9,281,89,0.32
205,C12,C47,Ramp,6.8,115,53,0.46
205,C03,C21,Ramp,10.9,220,73,0.33
205,C35,C01,Corridor,29.9,213,98,0.46
205,C08,C22,Corridor,8.7,148,105,0.71
205,C50,C25,Ramp,13.2,272,238,0.88
205,C19,C30,Stairs,15.4,125,87,0.7
205,C32,C22,Corridor,19.4,270,124,0.46
205,C17,C01,Stairs,22.8,108,58,0.54
205,C06,C30,Stairs,10.2,231,167,0.72
205,C02,C29,Ramp,17.3,216,72,0.33
205,C37,C30,Corridor,26.1,189,114,0.6
205,C15,C35,Stairs,24.5,252,142,0.56
205,C24,C31,Ramp,11.8,257,205,0.8
205,C16,C27,Stairs,9.0,236,233,0.99
205,C37,C46,Stairs,9.5,168,163,0.97
205,C32,C03,Corridor,19.6,150,125,0.83
205,C10,C40,Ramp,19.2,119,96,0.81
205,C18,C41,Stairs,14.9,143,137,0.96
205,C46,C06,Stairs,26.0,200,65,0.33
205,C02,C27,Ramp,19.6,245,210,0.86
205,C35,C11,Ramp,6.8,187,187,1.0
205,C17,C26,Corridor,8.9,168,97,0.58
205,C20,C25,Stairs,8.1,100,59,0.59
205,C38,C34,Stairs,24.4,242,136,0.56
205,C39,C03,Stairs,19.4,126,98,0.78
205,C48,C49,Stairs,22.2,224,136,0.61
205,C22,C26,Corridor,10.3,161,153,0.95
205,C38,C11,Stairs,20.2,198,155,0.78
205,C37,C35,Corridor,13.9,298,268,0.9
205,C39,C02,Stairs,16.7,220,128,0.58
205,C12,C25,Corridor,29.1,287,287,1.0
205,C39,C27,Stairs,9.5,138,102,0.74
205,C02,C34,Corridor,10.4,240,172,0.72
205,C06,C13,Stairs,29.7,157,117,0.75
205,C22,C42,Corridor,6.5,104,92,0.88
205,C05,C22,Corridor,15.8,222,89,0.4
205,C11,C08,Stairs,13.3,208,149,0.72
205,C08,C46,Stairs,12.1,184,108,0.59
205,C31,C09,Stairs,14.0,170,83,0.49
205,C43,C48,Ramp,25.3,188,105,0.56
205,C32,C19,Corridor,14.1,232,118,0.51
205,C21,C10,Ramp,9.4,116,114,0.98
205,C47,C38,Ramp,16.8,170,151,0.89
205,C16,C14,Stairs,15.7,150,88,0.59
205,C02,C30,Ramp,25.0,159,60,0.38
205,C45,C33,Corridor,9.1,144,63,0.44
205,C48,C31,Corridor,16.3,100,71,0.71
205,C10,C30,Stairs,8.6,206,50,0.24
205,C35,C48,Corridor,18.5,155,114,0.74
205,C12,C33,Stairs,20.2,120,107,0.89
205,C01,C16,Stairs,6.0,138,128,0.93
205,C08,C03,Stairs,9.3,201,120,0.6
205,C13,C07,Ramp,13.7,241,100,0.41
205,C28,C30,Ramp,11.2,173,68,0.39
205,C16,C29,Corridor,11.9,236,187,0.79
205,C48,C30,Corridor,20.9,204,82,0.4
205,C40,C07,Corridor,10.5,194,158,0.81
205,C35,C23,Stairs,6.2,123,115,0.93
205,C48,C09,Ramp,21.1,235,142,0.6
205,C25,C16,Corridor,27.2,226,134,0.59
205,C09,C18,Corridor,7.3,232,101,0.44
205,C13,C08,Ramp,19.8,188,58,0.31
205,C04,C23,Stairs,15.1,263,172,0.65
205,C07,C48,Ramp,5.4,177,135,0.76
205,C06,C50,Ramp,5.6,245,193,0.79
205,C23,C18,Corridor,22.9,142,93,0.65
205,C02,C13,Ramp,5.2,115,107,0.93
205,C48,C16,Stairs,18.2,290,281,0.97
205,C40,C18,Ramp,16.7,139,57,0.41
205,C09,C40,Ramp,11.1,268,236,0.88
205,C47,C29,Corridor,29.0,136,101,0.74
205,C38,C50,Corridor,27.5,176,50,0.28
205,C19,C06,Stairs,15.2,148,131,0.89
205,C08,C49,Stairs,28.8,256,238,0.93
205,C50,C02,Corridor,29.9,129,73,0.57
205,C22,C26,Stairs,19.1,105,92,0.88
205,C14,C44,Stairs,29.8,244,53,0.22
205,C44,C19,Ramp,6.3,108,96,0.89
205,C16,C19,Ramp,10.6,226,54,0.24
205,C24,C07,Ramp,17.9,176,91,0.52
205,C17,C15,Ramp,6.7,106,77,0.73
205,C27,C36,Corridor,28.2,216,101,0.47
205,C11,C23,Stairs,6.2,106,60,0.57
205,C38,C31,Stairs,9.2,121,65,0.54
205,C18,C31,Stairs,10.2,295,228,0.77
205,C33,C15,Corridor,6.2,143,64,0.45
205,C21,C49,Stairs,15.4,184,178,0.97
205,C20,C47,Ramp,6.2,180,66,0.37
205,C20,C04,Stairs,27.2,101,56,0.55
205,C38,C48,Stairs,20.7,292,199,0.68
205,C15,C28,Ramp,13.3,288,108,0.38
205,C45,C08,Corridor,8.1,118,76,0.64
205,C13,C18,Corridor,27.1,139,55,0.4
205,C06,C43,Corridor,13.0,142,83,0.58
205,C21,C04,Ramp,18.1,154,118,0.77
205,C15,C40,Corridor,11.7,198,175,0.88
205,C05,C17,Ramp,11.6,278,58,0.21
205,C44,C23,Ramp,17.6,289,223,0.77
205,C34,C08,Stairs,29.0,227,173,0.76
205,C46,C04,Ramp,21.4,203,62,0.31
205,C18,C07,Stairs,28.5,293,111,0.38
205,C19,C18,Ramp,24.0,224,123,0.55
205,C22,C43,Stairs,15.4,299,131,0.44
205,C07,C04,Stairs,29.0,144,73,0.51
205,C49,C44,Stairs,29.9,187,129,0.69
205,C18,C40,Stairs,23.5,122,122,1.0
205,C42,C16,Ramp,13.1,261,188,0.72
205,C18,C40,Stairs,14.9,200,161,0.81
205,C21,C30,Stairs,12.6,221,217,0.98
205,C05,C41,Corridor,5.7,120,96,0.8
205,C18,C04,Stairs,22.4,222,180,0.81
205,C48,C13,Corridor,5.6,219,148,0.68
205,C15,C14,Stairs,11.4,215,133,0.62
206,C07,C09,Stairs,11.1,244,231,0.95
206,C01,C23,Corridor,21.6,214,149,0.7
206,C22,C05,Ramp,20.3,221,168,0.76
206,C40,C20,Stairs,10.0,129,106,0.82
206,C11,C37,Ramp,15.2,263,98,0.37
206,C11,C01,Corridor,13.2,172,92,0.53
206,C15,C47,Ramp,6.1,168,76,0.45
206,C05,C38,Corridor,16.7,247,51,0.21
206,C27,C50,Ramp,14.1,113,53,0.47
206,C27,C16,Ramp,10.5,220,135,0.61
206,C06,C25,Corridor,16.9,280,67,0.24
206,C06,C14,Ramp,16.7,143,109,0.76
206,C24,C10,Ramp,17.2,265,222,0.84
206,C50,C14,Stairs,29.9,256,84,0.33
206,C44,C04,Ramp,29.0,271,198,0.73
206,C20,C19,Corridor,7.2,288,201,0.7
206,C32,C37,Ramp,10.8,256,153,0.6
206,C28,C25,Stairs,29.2,269,135,0.5
206,C09,C21,Corridor,5.7,216,66,0.31
206,C38,C46,Stairs,12.3,284,203,0.71
206,C33,C04,Corridor,9.7,300,61,0.2
206,C07,C27,Ramp,11.6,188,120,0.64
206,C18,C45,Stairs,24.8,295,243,0.82
206,C29,C31,Ramp,17.7,229,93,0.41
206,C29,C18,Corridor,15.6,284,94,0.33
206,C31,C19,Ramp,20.2,153,96,0.63
206,C31,C11,Stairs,16.3,216,102,0.47
206,C22,C38,Stairs,28.9,287,244,0.85
206,C29,C34,Ramp,28.9,234,141,0.6
206,C03,C25,Stairs,13.4,284,59,0.21
206,C50,C10,Corridor,14.3,106,66,0.62
206,C36,C42,Ramp,10.0,149,57,0.38
206,C47,C07,Corridor,16.6,159,152,0.96
206,C41,C34,Stairs,13.8,277,53,0.19
206,C46,C04,Corridor,14.9,166,116,0.7
206,C27,C48,Ramp,22.1,244,62,0.25
206,C16,C32,Ramp,22.2,131,72,0.55
206,C08,C16,Stairs,10.1,258,244,0.95
206,C09,C27,Stairs,29.9,183,87,0.48
206,C37,C11,Stairs,9.9,240,240,1.0
206,C16,C28,Corridor,28.4,211,193,0.91
206,C35,C33,Ramp,22.8,272,145,0.53
206,C23,C31,Ramp,13.6,280,100,0.36
206,C28,C45,Ramp,14.5,141,81,0.57
206,C15,C39,Corridor,7.6,212,97,0.46
206,C47,C03,Ramp,17.6,248,138,0.56
206,C20,C26,Ramp,18.3,199,166,0.83
206,C05,C48,Corridor,15.2,194,74,0.38
206,C05,C50,Corridor,28.9,143,57,0.4
206,C19,C20,Stairs,19.6,190,141,0.74
206,C49,C41,Corridor,14.6,121,94,0.78
206,C34,C03,Stairs,24.2,191,65,0.34
206,C28,C26,Corridor,13.0,165,63,0.38
206,C13,C38,Corridor,28.8,228,182,0.8
206,C39,C15,Stairs,23.2,204,191,0.94
206,C31,C30,Ramp,12.8,211,162,0.77
206,C33,C34,Stairs,19.2,201,87,0.43
206,C39,C46,Corridor,24.1,154,137,0.89
206,C34,C42,Stairs,9.2,187,72,0.39
206,C11,C26,Stairs,10.6,209,125,0.6
206,C50,C11,Corridor,5.7,296,189,0.64
206,C15,C34,Stairs,20.6,106,72,0.68
206,C50,C09,Corridor,9.3,119,102,0.86
206,C49,C47,Stairs,22.6,211,83,0.39
206,C49,C29,Corridor,13.9,107,52,0.49
206,C45,C41,Ramp,13.9,140,59,0.42
206,C39,C43,Ramp,15.6,284,101,0.36
206,C16,C42,Ramp,9.1,246,214,0.87
206,C06,C29,Stairs,27.8,215,148,0.69
206,C12,C18,Stairs,29.8,253,241,0.95
206,C50,C01,Stairs,26.5,134,123,0.92
206,C06,C18,Stairs,16.7,188,146,0.78
206,C13,C08,Stairs,15.3,177,149,0.84
206,C49,C40,Ramp,25.7,195,195,1.0
206,C30,C32,Corridor,17.2,275,168,0.61
206,C34,C09,Stairs,16.7,154,56,0.36
206,C05,C42,Stairs,21.8,226,67,0.3
206,C20,C44,Ramp,29.0,292,107,0.37
206,C05,C34,Stairs,18.9,102,52,0.51
206,C27,C20,Stairs,15.8,248,182,0.73
206,C23,C40,Corridor,6.1,132,125,0.95
206,C20,C16,Ramp,16.9,154,84,0.55
206,C48,C20,Stairs,20.5,209,203,0.97
206,C26,C22,Stairs,9.3,292,217,0.74
206,C48,C38,Corridor,8.2,148,69,0.47
206,C47,C28,Stairs,10.1,274,78,0.28
206,C09,C26,Ramp,7.0,166,122,0.73
206,C33,C32,Ramp,6.5,210,159,0.76
206,C28,C05,Stairs,20.8,217,185,0.85
206,C10,C25,Corridor,5.5,255,196,0.77
206,C50,C21,Corridor,22.9,197,137,0.7
206,C42,C10,Ramp,16.6,100,77,0.77
206,C26,C25,Corridor,23.8,179,164,0.92
206,C06,C50,Corridor,24.4,150,140,0.93
206,C11,C40,Stairs,12.3,289,56,0.19
206,C21,C04,Stairs,5.4,136,53,0.39
206,C29,C32,Ramp,27.1,195,60,0.31
206,C38,C21,Corridor,6.5,128,106,0.83
206,C45,C23,Stairs,25.3,100,70,0.7
206,C11,C44,Ramp,19.4,196,165,0.84
206,C17,C27,Stairs,23.7,108,89,0.82
206,C31,C05,Corridor,28.9,241,181,0.75
206,C27,C10,Corridor,29.1,255,189,0.74
206,C04,C41,Corridor,17.5,110,65,0.59
206,C46,C14,Stairs,28.3,152,120,0.79
206,C28,C31,Ramp,30.0,223,128,0.57
206,C16,C41,Ramp,5.0,207,62,0.3
206,C07,C13,Ramp,7.2,124,111,0.9
206,C41,C04,Stairs,11.4,145,122,0.84
206,C49,C43,Ramp,11.1,283,271,0.96
206,C18,C19,Ramp,10.7,252,86,0.34
206,C41,C20,Corridor,14.2,106,54,0.51
206,C38,C34,Stairs,26.4,280,90,0.32
206,C11,C35,Corridor,29.7,233,95,0.41
206,C32,C36,Corridor,18.8,152,73,0.48
206,C21,C05,Corridor,11.2,228,158,0.69
206,C50,C45,Stairs,7.2,294,281,0.96
206,C13,C03,Stairs,22.3,236,173,0.73
206,C44,C32,Stairs,15.9,282,109,0.39
207,C36,C31,Stairs,27.2,298,254,0.85
207,C39,C05,Corridor,11.9,201,107,0.53
207,C40,C10,Corridor,28.7,120,111,0.93
207,C10,C31,Ramp,5.8,110,78,0.71
207,C05,C43,Corridor,16.6,269,257,0.96
207,C40,C16,Stairs,15.9,137,92,0.67
207,C21,C19,Ramp,22.2,197,187,0.95
207,C01,C13,Corridor,27.0,137,59,0.43
207,C06,C03,Stairs,20.2,236,128,0.54
207,C18,C30,Stairs,29.8,171,64,0.37
207,C45,C47,Corridor,9.1,162,134,0.83
207,C12,C44,Corridor,19.6,159,94,0.59
207,C50,C07,Stairs,21.0,156,74,0.47
207,C26,C12,Stairs,22.6,249,86,0.35
207,C13,C22,Corridor,20.2,258,168,0.65
207,C40,C36,Stairs,13.8,262,131,0.5
207,C19,C02,Stairs,24.5,233,202,0.87
207,C03,C25,Corridor,23.2,207,105,0.51
207,C36,C28,Stairs,16.8,169,167,0.99
207,C24,C19,Corridor,22.6,180,179,0.99
207,C24,C44,Corridor,20.6,163,143,0.88
207,C03,C07,Ramp,17.8,172,54,0.31
207,C22,C01,Stairs,29.0,277,77,0.28
207,C31,C46,Corridor,12.0,246,105,0.43
207,C29,C20,Ramp,25.9,130,74,0.57
207,C38,C42,Ramp,29.1,201,192,0.96
207,C38,C43,Stairs,26.2,261,93,0.36
207,C11,C48,Stairs,25.2,165,148,0.9
207,C22,C08,Corridor,27.2,299,283,0.95
207,C29,C23,Corridor,25.4,280,208,0.74
207,C33,C23,Ramp,7.1,286,182,0.64
207,C26,C34,Ramp,17.6,213,164,0.77
207,C25,C19,Stairs,20.7,247,71,0.29
207,C43,C12,Stairs,29.6,176,163,0.93
207,C07,C03,Stairs,25.3,298,104,0.35
207,C20,C17,Stairs,28.8,117,89,0.76
207,C11,C35,Ramp,19.3,124,114,0.92
207,C07,C25,Ramp,7.1,161,156,0.97
207,C24,C20,Stairs,7.6,163,161,0.99
207,C07,C16,Corridor,29.1,171,63,0.37
207,C42,C02,Corridor,19.0,153,115,0.75
207,C11,C17,Ramp,16.4,268,225,0.84
207,C31,C05,Corridor,10.7,120,118,0.98
207,C31,C05,Corridor,28.9,170,93,0.55
207,C46,C09,Corridor,24.6,182,131,0.72
207,C41,C43,Stairs,17.2,134,91,0.68
207,C26,C34,Stairs,20.8,222,136,0.61
207,C31,C01,Corridor,10.2,160,122,0.76
207,C07,C41,Corridor,7.0,220,181,0.82
207,C08,C07,Ramp,16.7,119,92,0.77
207,C15,C22,Corridor,24.6,285,150,0.53
207,C14,C45,Ramp,16.2,132,107,0.81
207,C39,C32,Corridor,26.5,126,81,0.64
207,C12,C49,Stairs,22.3,109,68,0.62
207,C18,C48,Corridor,14.9,227,73,0.32
207,C17,C12,Stairs,7.3,100,68,0.68
207,C01,C36,Ramp,9.3,244,129,0.53
207,C22,C20,Ramp,11.9,230,176,0.77
207,C26,C27,Corridor,27.6,191,91,0.48
207,C20,C22,Corridor,12.2,198,89,0.45
207,C25,C20,Ramp,22.5,240,208,0.87
207,C36,C41,Ramp,28.4,243,188,0.77
207,C12,C24,Ramp,29.2,125,103,0.82
207,C17,C35,Ramp,5.6,154,101,0.66
207,C23,C32,Stairs,23.0,107,71,0.66
207,C26,C14,Corridor,11.7,195,82,0.42
207,C20,C32,Stairs,17.0,159,121,0.76
207,C14,C10,Corridor,5.1,266,59,0.22
207,C37,C44,Corridor,22.9,215,175,0.81
207,C20,C46,Corridor,21.2,283,168,0.59
207,C33,C35,Ramp,25.7,218,182,0.83
207,C05,C23,Corridor,21.7,212,134,0.63
207,C40,C27,Stairs,24.0,278,167,0.6
207,C25,C48,Stairs,14.8,128,106,0.83
207,C24,C29,Ramp,19.5,137,53,0.39
207,C18,C30,Ramp,17.5,244,82,0.34
207,C49,C28,Corridor,12.2,178,61,0.34
207,C10,C36,Ramp,8.1,218,156,0.72
207,C07,C26,Corridor,21.8,274,62,0.23
207,C39,C20,Corridor,21.7,161,55,0.34
207,C01,C40,Ramp,14.2,156,151,0.97
207,C31,C35,Ramp,14.3,152,112,0.74
207,C49,C01,Ramp,7.3,202,171,0.85
207,C41,C29,Stairs,10.7,212,195,0.92
207,C04,C17,Stairs,28.0,174,150,0.86
207,C41,C34,Stairs,27.1,287,227,0.79
207,C44,C08,Ramp,22.9,252,153,0.61
207,C21,C13,Ramp,9.2,269,177,0.66
207,C36,C21,Stairs,14.4,298,179,0.6
207,C26,C14,Ramp,23.2,184,108,0.59
207,C01,C27,Stairs,22.9,266,235,0.88
207,C22,C24,Ramp,11.7,181,179,0.99
207,C25,C11,Ramp,25.5,231,54,0.23
207,C11,C03,Corridor,20.5,139,108,0.78
207,C32,C42,Corridor,16.3,135,83,0.61
207,C12,C36,Ramp,7.5,160,97,0.61
207,C36,C46,Corridor,12.3,236,116,0.49
207,C09,C07,Stairs,11.1,133,85,0.64
207,C33,C04,Corridor,17.9,142,123,0.87
207,C15,C36,Stairs,24.6,203,162,0.8
207,C07,C15,Corridor,17.5,143,122,0.85
207,C24,C38,Corridor,25.2,156,92,0.59
207,C08,C40,Ramp,7.8,230,150,0.65
207,C33,C24,Corridor,18.6,139,137,0.99
207,C12,C15,Ramp,28.8,126,104,0.83
207,C48,C11,Stairs,12.3,101,98,0.97
207,C09,C25,Stairs,22.6,258,221,0.86
207,C37,C49,Stairs,21.6,153,62,0.41
207,C23,C35,Stairs,19.5,119,56,0.47
207,C14,C31,Stairs,8.2,156,79,0.51
207,C19,C23,Stairs,8.3,293,126,0.43
207,C40,C17,Stairs,20.5,172,109,0.63
207,C31,C21,Corridor,18.7,116,70,0.6
207,C07,C18,Ramp,10.3,188,174,0.93
207,C28,C09,Corridor,21.7,206,117,0.57
207,C08,C14,Corridor,6.7,288,201,0.7
207,C27,C12,Ramp,21.3,143,83,0.58
208,C15,C21,Ramp,5.5,251,163,0.65
208,C47,C17,Ramp,14.2,261,129,0.49
208,C40,C43,Corridor,10.8,208,156,0.75
208,C13,C07,Corridor,21.2,243,53,0.22
208,C50,C06,Ramp,29.7,127,122,0.96
208,C35,C24,Corridor,22.6,227,198,0.87
208,C04,C33,Ramp,16.3,142,86,0.61
208,C24,C33,Corridor,25.2,106,83,0.78
208,C36,C43,Stairs,29.7,242,89,0.37
208,C17,C43,Stairs,17.3,134,85,0.63
208,C24,C27,Corridor,13.5,175,78,0.45
208,C35,C05,Stairs,28.1,168,138,0.82
208,C41,C49,Ramp,11.5,156,84,0.54
208,C41,C49,Ramp,9.3,187,169,0.9
208,C18,C12,Stairs,28.1,109,87,0.8
208,C35,C30,Stairs,20.7,289,57,0.2
208,C34,C13,Stairs,7.4,288,123,0.43
208,C46,C17,Stairs,19.3,153,115,0.75
208,C01,C48,Stairs,29.1,262,154,0.59
208,C05,C22,Ramp,10.1,292,243,0.83
208,C21,C29,Ramp,20.8,277,254,0.92
208,C18,C01,Corridor,29.0,266,197,0.74
208,C22,C35,Corridor,6.6,291,246,0.85
208,C24,C42,Stairs,20.3,254,205,0.81
208,C27,C19,Stairs,20.7,143,98,0.69
208,C29,C12,Ramp,5.8,286,157,0.55
208,C11,C25,Corridor,26.9,160,55,0.34
208,C27,C09,Ramp,6.4,110,73,0.66
208,C26,C18,Ramp,8.9,286,278,0.97
208,C13,C47,Stairs,25.2,175,131,0.75
208,C38,C27,Ramp,29.3,200,156,0.78
208,C24,C41,Corridor,19.9,239,74,0.31
208,C16,C22,Corridor,13.5,154,112,0.73
208,C31,C07,Stairs,8.6,158,93,0.59
208,C24,C18,Corridor,8.5,288,257,0.89
208,C33,C31,Ramp,7.1,280,79,0.28
208,C08,C07,Corridor,14.3,102,85,0.83
208,C14,C18,Corridor,11.3,191,147,0.77
208,C23,C37,Stairs,29.6,182,113,0.62
208,C30,C17,Corridor,17.9,212,199,0.94
208,C49,C47,Ramp,15.1,137,118,0.86
208,C09,C22,Ramp,7.8,155,120,0.77
208,C03,C08,Stairs,28.8,152,111,0.73
208,C15,C22,Stairs,20.6,132,91,0.69
208,C38,C24,Ramp,17.3,182,75,0.41
208,C05,C21,Corridor,27.7,107,50,0.47
208,C40,C15,Ramp,15.1,215,215,1.0
208,C33,C24,Corridor,16.5,190,171,0.9
208,C42,C24,Corridor,26.9,223,169,0.76
208,C21,C47,Stairs,24.9,197,169,0.86
208,C11,C02,Stairs,18.4,281,267,0.95
208,C41,C46,Corridor,6.1,296,87,0.29
208,C46,C20,Ramp,8.1,254,160,0.63
208,C19,C23,Stairs,29.8,117,60,0.51
208,C18,C24,Corridor,28.8,130,83,0.64
208,C15,C42,Ramp,24.1,271,209,0.77
208,C14,C37,Stairs,24.8,210,90,0.43
208,C40,C20,Ramp,28.0,300,51,0.17
208,C50,C35,Corridor,28.7,108,94,0.87
208,C34,C45,Corridor,24.3,226,170,0.75
208,C04,C23,Ramp,29.5,134,116,0.87
208,C50,C45,Corridor,9.5,230,64,0.28
208,C06,C24,Ramp,9.1,188,102,0.54
208,C04,C09,Stairs,28.9,272,105,0.39
208,C24,C42,Stairs,14.3,115,87,0.76
208,C41,C09,Ramp,23.1,251,75,0.3
208,C05,C09,Stairs,6.5,149,117,0.79
208,C04,C43,Ramp,23.0,237,85,0.36
208,C13,C33,Ramp,17.6,161,159,0.99
208,C18,C48,Ramp,13.2,102,56,0.55
208,C44,C37,Stairs,18.2,243,163,0.67
208,C02,C27,Corridor,26.7,171,151,0.88
208,C43,C44,Stairs,10.5,182,162,0.89
208,C06,C32,Stairs,21.8,294,118,0.4
208,C39,C18,Stairs,28.1,227,98,0.43
208,C46,C07,Ramp,15.1,109,83,0.76
208,C17,C18,Ramp,17.6,159,53,0.33
208,C24,C17,Stairs,7.1,264,235,0.89
208,C25,C35,Ramp,18.9,141,83,0.59
208,C07,C12,Ramp,16.6,160,133,0.83
208,C42,C43,Ramp,17.2,286,124,0.43
208,C38,C49,Corridor,16.1,177,80,0.45
208,C01,C27,Ramp,17.0,190,64,0.34
208,C04,C09,Ramp,6.2,208,131,0.63
208,C11,C19,Corridor,25.2,267,111,0.42
208,C40,C38,Ramp,20.0,184,126,0.68
208,C47,C22,Stairs,14.9,169,133,0.79
208,C34,C39,Corridor,6.8,247,63,0.26
208,C41,C37,Corridor,9.0,190,113,0.59
208,C21,C27,Corridor,17.0,269,52,0.19
208,C45,C20,Corridor,26.4,176,72,0.41
208,C37,C46,Stairs,21.0,260,60,0.23
208,C29,C48,Ramp,10.5,117,116,0.99
208,C42,C48,Stairs,29.8,108,92,0.85
208,C09,C48,Ramp,5.7,257,163,0.63
208,C42,C30,Corridor,21.8,137,86,0.63
208,C42,C39,Ramp,9.3,156,139,0.89
208,C33,C03,Ramp,20.0,285,251,0.88
208,C50,C02,Corridor,23.4,103,88,0.85
208,C38,C11,Corridor,9.1,191,111,0.58
208,C18,C48,Stairs,22.8,290,256,0.88
208,C09,C12,Ramp,9.6,264,89,0.34
208,C25,C16,Corridor,25.9,194,80,0.41
208,C16,C36,Ramp,27.1,277,120,0.43
208,C09,C23,Stairs,6.6,284,134,0.47
208,C44,C26,Stairs,26.4,271,71,0.26
208,C22,C38,Corridor,16.7,113,50,0.44
208,C03,C40,Ramp,10.3,234,179,0.76
208,C36,C15,Stairs,26.9,131,87,0.66
208,C15,C20,Stairs,26.7,220,177,0.8
208,C27,C22,Stairs,6.2,141,115,0.82
208,C04,C03,Corridor,10.6,116,78,0.67
208,C16,C13,Stairs,20.4,134,108,0.81
208,C47,C13,Ramp,9.0,178,133,0.75
208,C39,C19,Corridor,22.0,155,84,0.54
208,C11,C14,Corridor,9.2,294,79,0.27
208,C35,C15,Corridor,7.3,147,121,0.82
209,C27,C41,Ramp,6.3,120,59,0.49
209,C20,C06,Ramp,21.2,171,128,0.75
209,C03,C38,Stairs,11.8,218,53,0.24
209,C40,C49,Corridor,13.7,261,149,0.57
209,C31,C32,Corridor,6.2,256,125,0.49
209,C47,C32,Corridor,28.8,117,66,0.56
209,C33,C13,Stairs,21.0,273,250,0.92
209,C42,C21,Corridor,20.6,221,52,0.24
209,C41,C26,Stairs,23.0,275,163,0.59
209,C42,C33,Stairs,26.0,229,120,0.52
209,C03,C11,Ramp,23.3,265,228,0.86
209,C05,C15,Stairs,14.5,131,96,0.73
209,C26,C50,Corridor,27.9,133,76,0.57
209,C18,C33,Stairs,15.7,239,181,0.76
209,C41,C20,Ramp,11.6,115,70,0.61
209,C16,C40,Corridor,14.1,225,100,0.44
209,C11,C17,Stairs,8.1,277,56,0.2
209,C21,C03,Stairs,23.5,291,233,0.8
209,C22,C15,Ramp,11.2,290,270,0.93
209,C02,C25,Ramp,28.3,277,63,0.23
209,C15,C37,Stairs,5.1,161,150,0.93
209,C38,C50,Corridor,24.6,162,156,0.96
209,C23,C15,Corridor,13.0,297,170,0.57
209,C06,C18,Corridor,26.1,277,161,0.58
209,C30,C23,Stairs,21.7,196,166,0.85
209,C07,C38,Ramp,21.3,172,170,0.99
209,C03,C37,Stairs,19.5,249,90,0.36
209,C31,C40,Stairs,20.3,195,153,0.78
209,C01,C32,Corridor,18.7,178,130,0.73
209,C24,C10,Ramp,17.4,223,103,0.46
209,C34,C27,Corridor,24.7,285,193,0.68
209,C03,C45,Ramp,15.9,125,113,0.9
209,C38,C42,Stairs,26.7,169,51,0.3
209,C34,C35,Ramp,25.5,171,60,0.35
209,C22,C42,Ramp,7.1,216,200,0.93
209,C04,C37,Stairs,16.2,204,201,0.99
209,C41,C44,Corridor,26.5,104,75,0.72
209,C41,C29,Ramp,8.8,249,156,0.63
209,C35,C17,Stairs,14.6,194,177,0.91
209,C10,C45,Ramp,13.6,144,89,0.62
209,C47,C02,Ramp,21.6,132,98,0.74
209,C49,C20,Ramp,14.1,294,97,0.33
209,C50,C02,Corridor,7.3,153,105,0.69
209,C47,C29,Corridor,21.4,103,62,0.6
209,C42,C02,Stairs,7.7,271,54,0.2
209,C33,C17,Corridor,19.8,244,113,0.46
209,C27,C04,Ramp,9.1,232,130,0.56
209,C27,C38,Corridor,18.2,154,94,0.61
209,C12,C50,Corridor,17.1,283,148,0.52
209,C36,C41,Stairs,6.3,212,87,0.41
209,C36,C19,Corridor,13.5,132,67,0.51
209,C04,C21,Ramp,6.0,181,175,0.97
209,C49,C09,Stairs,28.8,215,56,0.26
209,C05,C19,Ramp,20.3,101,82,0.81
209,C34,C38,Stairs,14.0,243,119,0.49
209,C25,C32,Stairs,5.9,286,222,0.78
209,C31,C20,Corridor,16.1,167,62,0.37
209,C20,C28,Corridor,20.5,246,129,0.52
209,C13,C47,Ramp,29.1,240,159,0.66
209,C21,C33,Ramp,10.7,188,128,0.68
209,C48,C01,Stairs,22.5,297,291,0.98
209,C25,C35,Ramp,27.0,131,99,0.76
209,C24,C43,Ramp,9.5,236,99,0.42
209,C44,C15,Corridor,11.3,287,141,0.49
209,C36,C45,Stairs,10.9,224,61,0.27
209,C39,C32,Ramp,20.2,168,151,0.9
209,C11,C48,Corridor,11.2,237,137,0.58
209,C39,C19,Ramp,14.6,215,160,0.74
209,C40,C49,Ramp,29.1,277,226,0.82
209,C10,C32,Corridor,18.6,156,89,0.57
209,C17,C43,Ramp,17.4,293,101,0.34
209,C35,C20,Stairs,27.6,171,131,0.77
209,C45,C22,Corridor,13.5,297,271,0.91
209,C02,C50,Corridor,29.0,279,222,0.8
209,C32,C30,Ramp,25.5,111,88,0.79
209,C39,C20,Ramp,7.7,119,61,0.51
209,C16,C26,Ramp,21.2,144,60,0.42
209,C46,C06,Stairs,15.3,295,214,0.73
209,C44,C17,Ramp,5.3,176,134,0.76
209,C19,C03,Stairs,29.5,135,61,0.45
209,C19,C41,Corridor,17.9,108,70,0.65
209,C26,C19,Corridor,22.6,259,151,0.58
209,C12,C48,Corridor,27.5,187,106,0.57
209,C25,C34,Ramp,25.2,103,80,0.78
209,C31,C35,Corridor,16.9,219,210,0.96
209,C29,C37,Ramp,15.2,120,60,0.5
209,C17,C15,Ramp,15.3,273,102,0.37
209,C37,C32,Corridor,24.4,129,113,0.88
209,C23,C17,Stairs,22.2,114,102,0.89
209,C14,C01,Ramp,5.0,281,75,0.27
209,C25,C11,Corridor,26.0,237,220,0.93
209,C05,C04,Corridor,24.7,189,69,0.37
209,C05,C35,Stairs,12.2,293,195,0.67
209,C07,C33,Ramp,18.0,222,220,0.99
209,C29,C09,Ramp,23.7,285,238,0.84
209,C33,C14,Ramp,28.1,250,82,0.33
209,C27,C18,Stairs,17.7,121,54,0.45
209,C27,C07,Stairs,22.7,287,183,0.64
209,C44,C20,Stairs,20.4,194,127,0.65
209,C09,C06,Stairs,18.8,288,178,0.62
209,C16,C47,Ramp,27.7,256,242,0.95
209,C50,C31,Ramp,10.7,192,152,0.79
209,C12,C25,Corridor,21.4,178,168,0.94
209,C42,C43,Stairs,6.4,200,188,0.94
209,C04,C37,Ramp,28.8,262,52,0.2
209,C21,C11,Ramp,18.9,230,84,0.37
209,C30,C34,Stairs,6.7,273,70,0.26
209,C21,C08,Stairs,7.9,257,56,0.22
209,C29,C24,Ramp,18.5,134,134,1.0
209,C17,C26,Stairs,17.6,263,262,1.0
209,C42,C33,Stairs,15.3,271,257,0.95
209,C40,C18,Corridor,24.7,145,107,0.74
209,C37,C04,Ramp,22.6,277,208,0.75
209,C39,C30,Ramp,20.4,190,108,0.57
209,C19,C11,Ramp,9.6,111,94,0.85
209,C34,C09,Stairs,24.6,284,236,0.83
210,C07,C39,Ramp,13.4,178,70,0.39
210,C06,C48,Corridor,18.7,131,103,0.79
210,C06,C02,Stairs,28.5,186,56,0.3
210,C29,C14,Corridor,21.3,175,69,0.39
210,C09,C44,Stairs,26.6,201,61,0.3
210,C31,C44,Stairs,5.0,143,73,0.51
210,C34,C05,Stairs,25.7,149,54,0.36
210,C20,C40,Ramp,10.0,174,70,0.4
210,C38,C11,Stairs,22.6,194,134,0.69
210,C03,C39,Ramp,23.9,200,95,0.47
210,C18,C50,Corridor,5.4,110,103,0.94
210,C05,C40,Stairs,13.2,117,79,0.68
210,C02,C38,Stairs,9.8,218,76,0.35
210,C08,C41,Corridor,15.1,183,103,0.56
210,C20,C40,Ramp,20.1,248,179,0.72
210,C02,C21,Ramp,23.9,199,121,0.61
210,C45,C04,Stairs,19.6,174,53,0.3
210,C14,C27,Corridor,23.8,195,62,0.32
210,C13,C40,Corridor,15.3,138,90,0.65
210,C04,C05,Corridor,22.7,263,253,0.96
210,C41,C36,Ramp,11.4,114,114,1.0
210,C34,C25,Ramp,13.8,180,67,0.37
210,C48,C41,Corridor,18.3,268,234,0.87
210,C41,C05,Ramp,23.5,101,54,0.53
210,C39,C16,Stairs,17.8,243,125,0.51
210,C24,C45,Ramp,11.7,255,224,0.88
210,C32,C48,Ramp,22.2,160,82,0.51
210,C29,C22,Stairs,13.5,258,105,0.41
210,C30,C37,Stairs,23.9,210,178,0.85
210,C13,C06,Ramp,10.9,152,68,0.45
210,C50,C28,Corridor,19.7,282,111,0.39
210,C20,C17,Ramp,17.8,102,58,0.57
210,C21,C35,Ramp,6.5,131,89,0.68
210,C25,C39,Stairs,15.2,239,207,0.87
210,C42,C44,Stairs,15.6,287,200,0.7
210,C19,C39,Stairs,6.9,132,118,0.89
210,C33,C32,Stairs,21.9,195,136,0.7
210,C16,C49,Corridor,27.1,192,58,0.3
210,C02,C22,Stairs,15.2,292,196,0.67
210,C33,C06,Stairs,28.7,178,83,0.47
210,C24,C35,Corridor,28.0,197,54,0.27
210,C29,C30,Ramp,21.1,177,66,0.37
210,C48,C46,Stairs,16.6,120,100,0.83
210,C07,C26,Corridor,10.9,224,176,0.79
210,C07,C41,Stairs,27.9,187,136,0.73
210,C42,C50,Stairs,29.0,232,60,0.26
210,C10,C16,Stairs,19.3,143,72,0.5
210,C15,C34,Corridor,24.3,212,197,0.93
210,C02,C11,Corridor,26.4,236,156,0.66
210,C06,C19,Corridor,8.3,196,57,0.29
210,C48,C24,Ramp,11.5,138,64,0.46
210,C13,C32,Ramp,16.4,115,54,0.47
210,C24,C49,Ramp,24.4,190,75,0.39
210,C32,C24,Corridor,11.3,259,127,0.49
210,C11,C49,Ramp,6.0,280,78,0.28
210,C23,C01,Ramp,26.9,143,132,0.92
210,C38,C44,Ramp,20.6,203,161,0.79
210,C40,C50,Ramp,5.6,138,118,0.86
210,C49,C32,Stairs,13.4,200,119,0.59
210,C12,C29,Stairs,23.0,238,135,0.57
210,C21,C30,Stairs,18.2,285,284,1.0
210,C10,C35,Corridor,14.3,181,142,0.78
210,C05,C46,Stairs,12.0,177,142,0.8
210,C01,C06,Stairs,17.2,278,194,0.7
210,C03,C02,Ramp,21.9,239,189,0.79
210,C43,C28,Corridor,22.3,197,85,0.43
210,C15,C45,Stairs,19.0,253,194,0.77
210,C43,C09,Ramp,21.9,236,108,0.46
210,C34,C33,Corridor,10.4,115,51,0.44
210,C35,C37,Stairs,29.1,108,65,0.6
210,C39,C28,Ramp,27.9,257,76,0.3
210,C27,C15,Corridor,16.2,148,126,0.85
210,C47,C04,Stairs,13.1,154,71,0.46
210,C27,C01,Corridor,25.4,170,64,0.38
210,C50,C40,Stairs,20.5,282,103,0.37
210,C34,C38,Stairs,12.5,239,132,0.55
210,C36,C09,Stairs,8.6,260,98,0.38
210,C11,C19,Stairs,18.5,107,96,0.9
210,C39,C03,Stairs,24.0,134,132,0.99
210,C05,C21,Stairs,14.1,287,244,0.85
210,C09,C10,Stairs,8.2,160,134,0.84
210,C07,C09,Stairs,9.4,216,72,0.33
210,C02,C14,Stairs,21.6,259,100,0.39
210,C42,C06,Corridor,10.5,122,90,0.74
210,C41,C50,Ramp,7.4,284,238,0.84
210,C20,C09,Corridor,16.4,201,141,0.7
210,C25,C21,Ramp,20.0,122,77,0.63
210,C21,C03,Ramp,9.7,212,113,0.53
210,C37,C20,Corridor,5.5,121,106,0.88
210,C30,C17,Ramp,26.9,173,86,0.5
210,C08,C13,Corridor,28.3,280,160,0.57
210,C20,C36,Stairs,16.6,261,159,0.61
210,C42,C11,Ramp,5.9,224,201,0.9
210,C28,C19,Stairs,6.2,132,79,0.6
210,C37,C09,Ramp,21.5,259,130,0.5
210,C49,C36,Stairs,15.2,241,195,0.81
210,C40,C05,Stairs,14.8,118,62,0.53
210,C32,C50,Corridor,23.3,291,115,0.4
210,C16,C46,Ramp,10.3,141,50,0.35
210,C15,C41,Ramp,11.5,284,105,0.37
210,C25,C11,Corridor,14.4,256,50,0.2
210,C18,C02,Ramp,14.6,108,95,0.88
210,C06,C08,Stairs,20.1,254,162,0.64
210,C35,C44,Stairs,23.1,234,128,0.55
210,C15,C47,Ramp,27.0,111,67,0.6
210,C14,C50,Corridor,28.9,204,66,0.32
210,C35,C30,Ramp,8.2,114,70,0.61
210,C40,C19,Corridor,9.4,103,58,0.56
210,C28,C21,Stairs,27.3,142,135,0.95
210,C20,C06,Stairs,8.0,174,172,0.99
210,C25,C47,Ramp,5.4,248,59,0.24
210,C24,C08,Ramp,24.6,114,64,0.56
210,C10,C37,Stairs,18.8,120,96,0.8
210,C28,C02,Corridor,20.8,120,52,0.43
210,C11,C12,Corridor,19.9,196,169,0.86
210,C30,C12,Corridor,21.6,237,186,0.78
210,C19,C43,Ramp,7.4,122,113,0.93
